<?xml version="1.0" encoding="UTF-8"?>
<PE_PROJECT_SETTINGS_DOCUMENTATION>
  <PE_product_version v="version 10.5 for Freescale Microcontrollers" />
  <PE_core_version v="Processor Expert Version 0521" />
  <CPU_Bean name="Cpu" type="MK22FN512DC12">
    <Enabled v="N" />
    <Properties>
      <Component_name v="Cpu" />
      <CPU_type v="MK22FN512VDC12" />
      <group name="Low power mode settings">
        <EmptySection_DummyValue />
      </group>
      <group name="Common settings">
        <Initialization_priority v="minimal priority" />
        <Watchdog_disable v="yes" />
        <Utilize_after_reset_values v="default" />
      </group>
    </Properties>
    <Methods>
      <EmptySection_DummyValue />
    </Methods>
    <Events>
      <Event_module_name v="Events" />
    </Events>
    <Compiler v="GNU C Compiler" />
    <CompilerProperties>
      <Compiler v="GNU C Compiler" />
      <boolgroup name="Generate linker file" v="yes">
        <Stack_size v="1024" />
        <Heap_size v="0" />
        <Set_memory_segments_to_default v="Click to set default &amp;gt;" />
        <Default_memory_for_interrupts v="INTERNAL RAM" />
        <Default_memory_for_code v="INTERNAL RAM" />
        <Default_memory_for_data v="INTERNAL RAM" />
        <list name="ROM/RAM Areas" v="5">
          <group name="MemoryArea0">
            <boolgroup name="ROM/RAM Area" v="Enabled">
              <Name v="m_interrupts" />
              <Qualifier v="RX" />
              <Address v="0" />
              <Size v="408" />
            </boolgroup>
          </group>
          <group name="MemoryArea1">
            <boolgroup name="ROM/RAM Area" v="Disabled" />
          </group>
          <group name="MemoryArea2">
            <boolgroup name="ROM/RAM Area" v="Enabled">
              <Name v="m_text" />
              <Qualifier v="RX" />
              <Address v="1040" />
              <Size v="523248" />
            </boolgroup>
          </group>
          <group name="MemoryArea3">
            <boolgroup name="ROM/RAM Area" v="Enabled">
              <Name v="m_data" />
              <Qualifier v="RW" />
              <Address v="536805376" />
              <Size v="65536" />
            </boolgroup>
          </group>
          <group name="MemoryArea4">
            <boolgroup name="ROM/RAM Area" v="Enabled">
              <Name v="m_data_20000000" />
              <Qualifier v="RW" />
              <Address v="536870912" />
              <Size v="65536" />
            </boolgroup>
          </group>
        </list>
      </boolgroup>
    </CompilerProperties>
  </CPU_Bean>
  <CPU_Bean name="Cpu" type="MK22FN512DC12">
    <Enabled v="Y" />
    <Properties>
      <Component_name v="Cpu" />
      <CPU_type v="MK22FN512VDC12" />
      <group name="Low power mode settings">
        <EmptySection_DummyValue />
      </group>
      <group name="Common settings">
        <Initialization_priority v="minimal priority" />
        <Watchdog_disable v="yes" />
        <Utilize_after_reset_values v="default" />
      </group>
    </Properties>
    <Methods>
      <EmptySection_DummyValue />
    </Methods>
    <Events>
      <Event_module_name v="Events" />
    </Events>
    <Compiler v="GNU C Compiler" />
    <CompilerProperties>
      <Compiler v="GNU C Compiler" />
      <enumgroup name="Unhandled vectors" v="One handler for all">
        <EmptySection_DummyValue />
      </enumgroup>
      <boolgroup name="Generate debugger files" v="no" />
      <group name="Startup">
        <Add_startup_file v="yes" />
      </group>
      <boolgroup name="Generate linker file" v="yes">
        <Stack_size v="1024" />
        <Heap_size v="0" />
        <Set_memory_segments_to_default v="Click to set default &amp;gt;" />
        <Default_memory_for_interrupts v="INTERNAL FLASH" />
        <Default_memory_for_code v="INTERNAL FLASH" />
        <Default_memory_for_data v="INTERNAL RAM" />
        <list name="ROM/RAM Areas" v="5">
          <group name="MemoryArea0">
            <boolgroup name="ROM/RAM Area" v="Enabled">
              <Name v="m_interrupts" />
              <Qualifier v="RX" />
              <Address v="0" />
              <Size v="408" />
            </boolgroup>
          </group>
          <group name="MemoryArea1">
            <boolgroup name="ROM/RAM Area" v="Disabled" />
          </group>
          <group name="MemoryArea2">
            <boolgroup name="ROM/RAM Area" v="Enabled">
              <Name v="m_text" />
              <Qualifier v="RX" />
              <Address v="1040" />
              <Size v="523248" />
            </boolgroup>
          </group>
          <group name="MemoryArea3">
            <boolgroup name="ROM/RAM Area" v="Enabled">
              <Name v="m_data" />
              <Qualifier v="RW" />
              <Address v="536805376" />
              <Size v="65536" />
            </boolgroup>
          </group>
          <group name="MemoryArea4">
            <boolgroup name="ROM/RAM Area" v="Enabled">
              <Name v="m_data_20000000" />
              <Qualifier v="RW" />
              <Address v="536870912" />
              <Size v="65536" />
            </boolgroup>
          </group>
        </list>
      </boolgroup>
    </CompilerProperties>
  </CPU_Bean>
  <Bean name="Pins1" type="PinSettings">
    <Enabled v="Y" />
    <Properties>
      <Component_name v="Pins1" />
      <PinSettings_IP_Block v="PinSettings" />
      <Processor v="MK22FN512DC12" />
    </Properties>
    <Methods>
      <EmptySection_DummyValue />
    </Methods>
    <Events>
      <EmptySection_DummyValue />
    </Events>
  </Bean>
  <Bean name="Term1" type="Term">
    <Enabled v="Y" />
    <Properties>
      <Component_name v="Term1" />
      <inhrbean type="AsynchroSerial">
        <Enabled v="Y" />
        <Template v="AsynchroForTerminal" />
        <Properties>
          <Component_name v="Inhr1" />
          <Channel v="UART1" />
          <boolgroup name="Interrupt service/event" v="Enabled">
            <Interrupt_RxD v="INT_UART1_RX_TX" />
            <Interrupt_RxD_priority v="medium priority" />
            <Interrupt_TxD v="INT_UART1_RX_TX" />
            <Interrupt_TxD_priority v="medium priority" />
            <Interrupt_Error v="INT_UART1_ERR" />
            <Interrupt_Error_priority v="medium priority" />
            <Input_buffer_size v="8" />
            <Output_buffer_size v="128" />
            <group name="Handshake">
              <boolgroup name="CTS" v="Disabled" />
              <boolgroup name="RTS" v="Disabled" />
            </group>
          </boolgroup>
          <group name="Settings">
            <Parity v="none" />
            <Width v="8 bits" />
            <Stop_bit v="1" />
            <boolgroup name="Receiver" v="Enabled">
              <RxD v="ADC1_SE5a/PTE1/LLWU_P0/SPI1_SOUT/UART1_RX/I2C1_SCL/SPI1_SIN" />
            </boolgroup>
            <boolgroup name="Transmitter" v="Enabled">
              <TxD v="ADC1_SE4a/PTE0/CLKOUT32K/SPI1_PCS1/UART1_TX/I2C1_SDA/RTC_CLKOUT" />
            </boolgroup>
            <Baud_rate v="28800 baud" />
            <Break_signal v="Disabled" />
            <Wakeup_condition v="Idle line wakeup" />
            <Transmitter_output v="Not inverted" />
            <Receiver_input v="Not inverted" />
            <Stop_in_wait_mode v="no" />
            <Idle_line_mode v="starts after start bit" />
            <Break_generation_length v="Short" />
          </group>
          <group name="Initialization">
            <Enabled_in_init__code v="yes" />
            <Events_enabled_in_init_ v="yes" />
          </group>
          <group name="CPU clock/speed selection">
            <High_speed_mode v="This component enabled" />
            <Low_speed_mode v="This component disabled" />
            <Slow_speed_mode v="This component disabled" />
          </group>
          <group name="Referenced components">
            <inhrbean type="Serial_LDD">
              <Enabled v="Y" />
              <Properties>
                <Component_name v="ASerialLdd1" />
                <Device v="UART1" />
                <boolgroup name="Interrupt service/event" v="Enabled">
                  <Interrupt_RxD v="INT_UART1_RX_TX" />
                  <Interrupt_RxD_priority v="medium priority" />
                  <Interrupt_TxD v="INT_UART1_RX_TX" />
                  <Interrupt_TxD_priority v="medium priority" />
                  <Interrupt_Error v="INT_UART1_ERR" />
                  <Interrupt_Error_priority v="medium priority" />
                </boolgroup>
                <group name="Settings">
                  <Data_width v="8 bits" />
                  <Parity v="None" />
                  <Stop_bits v="1" />
                  <Loop_mode v="Normal" />
                  <Baud_rate v="28800 baud" />
                  <Wakeup_condition v="Idle line wakeup" />
                  <Stop_in_wait_mode v="no" />
                  <Idle_line_mode v="Starts after start bit" />
                  <Transmitter_output v="Not inverted" />
                  <Receiver_input v="Not inverted" />
                  <Break_generation_length v="10/11 bits" />
                  <boolgroup name="Receiver" v="Enabled">
                    <RxD v="ADC1_SE5a/PTE1/LLWU_P0/SPI1_SOUT/UART1_RX/I2C1_SCL/SPI1_SIN" />
                  </boolgroup>
                  <boolgroup name="Transmitter" v="Enabled">
                    <TxD v="ADC1_SE4a/PTE0/CLKOUT32K/SPI1_PCS1/UART1_TX/I2C1_SDA/RTC_CLKOUT" />
                  </boolgroup>
                  <enumgroup name="Flow control" v="None">
                    <EmptySection_DummyValue />
                  </enumgroup>
                </group>
                <group name="Initialization">
                  <Enabled_in_init__code v="yes" />
                  <group name="Event mask">
                    <OnBlockSent v="Enabled" />
                    <OnBlockReceived v="Enabled" />
                    <OnTxComplete v="Disabled" />
                    <OnError v="Enabled" />
                    <OnBreak v="Enabled" />
                  </group>
                </group>
              </Properties>
              <Methods>
                <Init v="generate code" />
                <Deinit v="don&amp;apos;t generate code" />
                <Enable v="don&amp;apos;t generate code" />
                <Disable v="don&amp;apos;t generate code" />
                <SendBlock v="generate code" />
                <ReceiveBlock v="generate code" />
                <CancelBlockTransmission v="don&amp;apos;t generate code" />
                <CancelBlockReception v="don&amp;apos;t generate code" />
                <GetError v="generate code" />
                <GetSentDataNum v="don&amp;apos;t generate code" />
                <GetReceivedDataNum v="don&amp;apos;t generate code" />
                <GetTxCompleteStatus v="don&amp;apos;t generate code" />
                <SetEventMask v="don&amp;apos;t generate code" />
                <GetEventMask v="don&amp;apos;t generate code" />
                <SelectBaudRate v="don&amp;apos;t generate code" />
                <GetSelectedBaudRate v="don&amp;apos;t generate code" />
                <SetParity v="don&amp;apos;t generate code" />
                <GetParity v="don&amp;apos;t generate code" />
                <SetDataWidth v="don&amp;apos;t generate code" />
                <GetDataWidth v="don&amp;apos;t generate code" />
                <SetStopBitLength v="don&amp;apos;t generate code" />
                <GetStopBitLength v="don&amp;apos;t generate code" />
                <SetLoopMode v="don&amp;apos;t generate code" />
                <GetLoopMode v="don&amp;apos;t generate code" />
                <GetStats v="don&amp;apos;t generate code" />
                <ClearStats v="don&amp;apos;t generate code" />
                <SendBreak v="don&amp;apos;t generate code" />
                <GetBreak v="don&amp;apos;t generate code" />
                <TurnTxOn v="don&amp;apos;t generate code" />
                <TurnTxOff v="don&amp;apos;t generate code" />
                <TurnRxOn v="don&amp;apos;t generate code" />
                <TurnRxOff v="don&amp;apos;t generate code" />
                <ConnectPin v="don&amp;apos;t generate code" />
                <Main v="don&amp;apos;t generate code" />
                <SetOperationMode v="don&amp;apos;t generate code" />
                <GetDriverState v="don&amp;apos;t generate code" />
              </Methods>
              <Events>
                <Event_module_name v="Events" />
                <event name="OnBlockReceived" v="generate code">
                  <Event_procedure_name v="ASerialLdd1_OnBlockReceived" />
                </event>
                <event name="OnBlockSent" v="generate code">
                  <Event_procedure_name v="ASerialLdd1_OnBlockSent" />
                </event>
                <event name="OnBreak" v="generate code">
                  <Event_procedure_name v="ASerialLdd1_OnBreak" />
                </event>
                <event name="OnError" v="generate code">
                  <Event_procedure_name v="ASerialLdd1_OnError" />
                </event>
                <event name="OnTxComplete" v="don&amp;apos;t generate code" />
              </Events>
            </inhrbean>
          </group>
        </Properties>
        <Methods>
          <Enable v="don&amp;apos;t generate code" />
          <Disable v="don&amp;apos;t generate code" />
          <EnableEvent v="don&amp;apos;t generate code" />
          <DisableEvent v="don&amp;apos;t generate code" />
          <RecvChar v="generate code" />
          <SendChar v="generate code" />
          <RecvBlock v="don&amp;apos;t generate code" />
          <SendBlock v="don&amp;apos;t generate code" />
          <ClearRxBuf v="don&amp;apos;t generate code" />
          <ClearTxBuf v="don&amp;apos;t generate code" />
          <CharsInRxBuf v="don&amp;apos;t generate code" />
          <GetCharsInRxBuf v="generate code" />
          <CharsInTxBuf v="don&amp;apos;t generate code" />
          <GetCharsInTxBuf v="don&amp;apos;t generate code" />
          <SetBaudRateMode v="don&amp;apos;t generate code" />
          <GetError v="don&amp;apos;t generate code" />
          <GetBreak v="don&amp;apos;t generate code" />
          <SetBreak v="don&amp;apos;t generate code" />
          <TurnTxOn v="don&amp;apos;t generate code" />
          <TurnTxOff v="don&amp;apos;t generate code" />
          <TurnRxOn v="don&amp;apos;t generate code" />
          <TurnRxOff v="don&amp;apos;t generate code" />
          <LoopMode v="don&amp;apos;t generate code" />
          <ConnectPin v="don&amp;apos;t generate code" />
        </Methods>
        <Events>
          <Event_module_name v="Events" />
          <event name="BeforeNewSpeed" v="don&amp;apos;t generate code" />
          <event name="AfterNewSpeed" v="don&amp;apos;t generate code" />
          <event name="OnError" v="don&amp;apos;t generate code" />
          <event name="OnRxChar" v="generate code">
            <Event_procedure_name v="Inhr1_OnRxChar" />
            <Priority v="interrupts disabled" />
          </event>
          <event name="OnRxCharExt" v="don&amp;apos;t generate code" />
          <event name="OnTxChar" v="don&amp;apos;t generate code" />
          <event name="OnFullRxBuf" v="don&amp;apos;t generate code" />
          <event name="OnFreeTxBuf" v="don&amp;apos;t generate code" />
          <event name="OnBreak" v="don&amp;apos;t generate code" />
          <event name="OnTxComplete" v="don&amp;apos;t generate code" />
        </Events>
      </inhrbean>
      <group name="CPU clock/speed selection">
        <High_speed_mode v="This component enabled" />
        <Low_speed_mode v="This component disabled" />
        <Slow_speed_mode v="This component disabled" />
      </group>
    </Properties>
    <Methods>
      <CRLF v="generate code" />
      <SendStr v="generate code" />
      <SendNum v="generate code" />
      <SendFloatNum v="don&amp;apos;t generate code" />
      <SendChar v="generate code" />
      <Cls v="generate code" />
      <CursorUp v="don&amp;apos;t generate code" />
      <CursorDown v="don&amp;apos;t generate code" />
      <CursorLeft v="don&amp;apos;t generate code" />
      <CursorRight v="don&amp;apos;t generate code" />
      <MoveTo v="generate code" />
      <SetColor v="generate code" />
      <EraseLine v="generate code" />
      <ReadChar v="generate code" />
      <KeyPressed v="generate code" />
      <ReadLine v="don&amp;apos;t generate code" />
    </Methods>
    <Events>
      <EmptySection_DummyValue />
    </Events>
  </Bean>
  <Bean name="AD1" type="ADC">
    <Enabled v="Y" />
    <Properties>
      <Component_name v="AD1" />
      <A_D_converter v="ADC0" />
      <Sharing v="Disabled" />
      <inhrbean type="ADC_LDD">
        <Enabled v="Y" />
        <Template v="ADC_LDD" />
        <Properties>
          <Component_name v="AdcLdd1" />
          <A_D_converter v="ADC0" />
          <Discontinuous_mode v="no" />
          <boolgroup name="Interrupt service/event" v="Enabled">
            <A_D_interrupt v="INT_ADC0" />
            <A_D_interrupt_priority v="medium priority" />
          </boolgroup>
          <boolgroup name="DMA" v="Disabled" />
          <list name="A/D channel list" v="1">
            <group name="Channel 0">
              <enumgroup name="Channel mode" v="Single Ended">
                <group name="Input">
                  <A_D_channel__pin_ v="ADC0_SE9/ADC1_SE9/PTB1/I2C0_SDA/FTM1_CH1/FTM1_QD_PHB" />
                </group>
              </enumgroup>
            </group>
          </list>
          <boolgroup name="Static sample groups" v="Disabled" />
          <A_D_resolution sel_value="16 bits">
            
Autoselect

            <EmptySection_DummyValue />
          </A_D_resolution>
          <Low_power_mode v="Disabled" />
          <High_speed_conversion_mode v="Disabled" />
          <Asynchro_clock_output v="Disabled" />
          <Sample_time v="4 clock periods" />
          <Number_of_conversions v="1" />
          <Conversion_time v="1.192093 &amp;#181;s" />
          <ADC_clock v="20.971 MHz (47.684 ns)" />
          <Single_conversion_time___Single_ended v="1.668 us" />
          <Single_conversion_time___Differential v="2.098 us" />
          <Additional_conversion_time___Single_ended v="1.192 us" />
          <Additional_conversion_time___Differential v="1.621 us" />
          <Result_type v="unsigned 16 bits, right justified" />
          <boolgroup name="Trigger" v="Disabled" />
          <group name="Voltage reference">
            <group name="High voltage reference">
              <Volt__ref__pin v="&amp;lt;Automatic&amp;gt;" />
            </group>
            <group name="Low voltage reference">
              <Volt__ref__pin v="&amp;lt;Automatic&amp;gt;" />
            </group>
          </group>
          <group name="Initialization">
            <Enabled_in_init__code v="yes" />
            <group name="Event mask">
              <OnMeasurementComplete v="Enabled" />
              <OnError v="Disabled" />
            </group>
          </group>
        </Properties>
        <Methods>
          <Init v="generate code" />
          <Deinit v="don&amp;apos;t generate code" />
          <Enable v="don&amp;apos;t generate code" />
          <Disable v="don&amp;apos;t generate code" />
          <GetEventMask v="don&amp;apos;t generate code" />
          <SetEventMask v="don&amp;apos;t generate code" />
          <StartSingleMeasurement v="generate code" />
          <StartLoopMeasurement v="don&amp;apos;t generate code" />
          <StartSingleTriggeredMeasurement v="don&amp;apos;t generate code" />
          <StartLoopTriggeredMeasurement v="don&amp;apos;t generate code" />
          <CancelMeasurement v="generate code" />
          <GetMeasuredValues v="generate code" />
          <SelectSampleGroup v="don&amp;apos;t generate code" />
          <CreateSampleGroup v="generate code" />
          <GetMeasurementCompleteStatus v="generate code" />
          <EnableAutoCompare v="don&amp;apos;t generate code" />
          <DisableAutoCompare v="don&amp;apos;t generate code" />
          <StartCalibration v="generate code" />
          <GetCalibrationResultStatus v="generate code" />
          <SetOperationMode v="don&amp;apos;t generate code" />
          <GetDriverState v="don&amp;apos;t generate code" />
          <ConnectPin v="don&amp;apos;t generate code" />
          <SetBuffer v="don&amp;apos;t generate code" />
          <GetError v="don&amp;apos;t generate code" />
          <GetMeasuredSamplesCount v="don&amp;apos;t generate code" />
        </Methods>
        <Events>
          <Event_module_name v="Events" />
          <event name="OnMeasurementComplete" v="generate code">
            <Event_procedure_name v="AdcLdd1_OnMeasurementComplete" />
          </event>
          <event name="OnError" v="don&amp;apos;t generate code" />
        </Events>
      </inhrbean>
      <boolgroup name="Interrupt service/event" v="Enabled">
        <A_D_interrupt v="INT_ADC0" />
        <A_D_interrupt_priority v="medium priority" />
      </boolgroup>
      <list name="A/D channels" v="1">
        <group name="Channel0">
          <A_D_channel__pin_ v="ADC0_SE9/ADC1_SE9/PTB1/I2C0_SDA/FTM1_CH1/FTM1_QD_PHB" />
          <boolgroup name="Mode select" v="Single Ended" />
        </group>
      </list>
      <A_D_resolution sel_value="16 bits">
        
Autoselect

        <EmptySection_DummyValue />
      </A_D_resolution>
      <Conversion_time v="1.192093 &amp;#181;s" />
      <Low_power_mode v="Disabled" />
      <High_speed_conversion_mode v="Disabled" />
      <Asynchro_clock_output v="Disabled" />
      <Sample_time v="0 = short" />
      <boolgroup name="Internal trigger" v="Disabled" />
      <Number_of_conversions v="1" />
      <group name="Initialization">
        <Enabled_in_init__code v="yes" />
        <Events_enabled_in_init_ v="yes" />
      </group>
      <group name="CPU clock/speed selection">
        <High_speed_mode v="This component enabled" />
        <Low_speed_mode v="This component disabled" />
        <Slow_speed_mode v="This component disabled" />
      </group>
    </Properties>
    <Methods>
      <Enable v="don&amp;apos;t generate code" />
      <Disable v="don&amp;apos;t generate code" />
      <EnableEvent v="don&amp;apos;t generate code" />
      <DisableEvent v="don&amp;apos;t generate code" />
      <Start v="don&amp;apos;t generate code" />
      <Stop v="don&amp;apos;t generate code" />
      <Measure v="generate code" />
      <MeasureChan v="don&amp;apos;t generate code" />
      <EnableExtChanTrigger v="don&amp;apos;t generate code" />
      <EnableIntChanTrigger v="don&amp;apos;t generate code" />
      <GetValue v="don&amp;apos;t generate code" />
      <GetChanValue v="don&amp;apos;t generate code" />
      <GetValue8 v="don&amp;apos;t generate code" />
      <GetChanValue8 v="don&amp;apos;t generate code" />
      <GetValue16 v="generate code" />
      <GetChanValue16 v="don&amp;apos;t generate code" />
      <Calibrate v="generate code" />
      <GetCalibrationStatus v="don&amp;apos;t generate code" />
      <EnableAsynchroClock v="don&amp;apos;t generate code" />
      <DisableAsynchroClock v="don&amp;apos;t generate code" />
      <EnableAutoCompare v="don&amp;apos;t generate code" />
      <EnableRangeAutoCompare v="don&amp;apos;t generate code" />
      <DisableAutoCompare v="don&amp;apos;t generate code" />
      <ConnectPin v="don&amp;apos;t generate code" />
    </Methods>
    <Events>
      <Event_module_name v="Events" />
      <event name="BeforeNewSpeed" v="don&amp;apos;t generate code" />
      <event name="AfterNewSpeed" v="don&amp;apos;t generate code" />
      <event name="OnEnd" v="generate code">
        <Event_procedure_name v="AD1_OnEnd" />
        <Priority v="same as interrupt" />
      </event>
      <event name="OnCalibrationEnd" v="generate code">
        <Event_procedure_name v="AD1_OnCalibrationEnd" />
        <Priority v="same as interrupt" />
      </event>
    </Events>
  </Bean>
  <Bean name="TU2" type="TimerUnit_LDD">
    <Enabled v="Y" />
    <Properties>
      <Component_name v="TU2" />
      <Module_name v="FTM0" />
      <Counter v="FTM0_CNT" />
      <Counter_direction v="Up" />
      <Counter_width v="16 bits" />
      <Value_type v="uint16_t" />
      <enumgroup name="Input clock source" v="Internal">
        <Counter_frequency v="Auto select" />
      </enumgroup>
      <enumgroup name="Counter restart" v="On-match">
        <Period_device v="FTM0_MOD" />
        <Period v="3.125 ms" />
        <boolgroup name="Interrupt" v="Disabled" />
      </enumgroup>
      <list name="Channel list" v="3">
        <group name="Channel 0">
          <enumgroup name="Mode" v="Compare">
            <Compare v="FTM0_C7V" />
            <Offset v="0 &amp;#181;s" />
            <enumgroup name="Output on compare" v="Set">
              <Output_on_overrun v="Clear" />
              <Initial_state v="Low" />
              <Output_pin v="PTA2/UART0_TX/FTM0_CH7/JTAG_TDO/TRACE_SWO/EZP_DO" />
            </enumgroup>
            <boolgroup name="Interrupt" v="Disabled" />
          </enumgroup>
        </group>
        <group name="Channel 1">
          <enumgroup name="Mode" v="Compare">
            <Compare v="FTM0_C6V" />
            <Offset v="0 &amp;#181;s" />
            <enumgroup name="Output on compare" v="Set">
              <Output_on_overrun v="Clear" />
              <Initial_state v="Low" />
              <Output_pin v="PTA1/UART0_RX/FTM0_CH6/JTAG_TDI/EZP_DI" />
            </enumgroup>
            <boolgroup name="Interrupt" v="Disabled" />
          </enumgroup>
        </group>
        <group name="Channel 2">
          <enumgroup name="Mode" v="Compare">
            <Compare v="FTM0_C5V" />
            <Offset v="0 &amp;#181;s" />
            <enumgroup name="Output on compare" v="Set">
              <Output_on_overrun v="Clear" />
              <Initial_state v="Low" />
              <Output_pin v="ADC0_SE6b/PTD5/SPI0_PCS2/UART0_CTS_b/FTM0_CH5/FBa_AD1/EWM_OUT_b/SPI1_SCK" />
            </enumgroup>
            <boolgroup name="Interrupt" v="Disabled" />
          </enumgroup>
        </group>
      </list>
      <group name="Initialization">
        <Enabled_in_init__code v="yes" />
        <group name="Event mask">
          <OnCounterRestart v="Disabled" />
          <OnChannel0 v="Disabled" />
          <OnChannel1 v="Disabled" />
          <OnChannel2 v="Disabled" />
          <OnChannel3 v="Disabled" />
          <OnChannel4 v="Disabled" />
          <OnChannel5 v="Disabled" />
          <OnChannel6 v="Disabled" />
          <OnChannel7 v="Disabled" />
        </group>
      </group>
    </Properties>
    <Methods>
      <Init v="generate code" />
      <Deinit v="don&amp;apos;t generate code" />
      <Enable v="don&amp;apos;t generate code" />
      <Disable v="don&amp;apos;t generate code" />
      <SetEventMask v="don&amp;apos;t generate code" />
      <GetEventMask v="don&amp;apos;t generate code" />
      <GetEventStatus v="don&amp;apos;t generate code" />
      <SelectInputFrequency v="don&amp;apos;t generate code" />
      <GetInputFrequencyReal v="don&amp;apos;t generate code" />
      <GetInputFrequency v="don&amp;apos;t generate code" />
      <SetPeriodTicks v="don&amp;apos;t generate code" />
      <GetPeriodTicks v="generate code" />
      <ResetCounter v="don&amp;apos;t generate code" />
      <GetCounterValue v="generate code" />
      <SetOffsetTicks v="generate code" />
      <GetOffsetTicks v="generate code" />
      <GetCaptureValue v="don&amp;apos;t generate code" />
      <SelectOutputAction v="generate code" />
      <SelectCaptureEdge v="don&amp;apos;t generate code" />
      <ConnectPin v="don&amp;apos;t generate code" />
      <SetOperationMode v="don&amp;apos;t generate code" />
      <GetDriverState v="don&amp;apos;t generate code" />
    </Methods>
    <Events>
      <Event_module_name v="Events" />
      <event name="OnCounterRestart" v="don&amp;apos;t generate code" />
      <event name="OnChannel0" v="don&amp;apos;t generate code" />
      <event name="OnChannel1" v="don&amp;apos;t generate code" />
      <event name="OnChannel2" v="don&amp;apos;t generate code" />
      <event name="OnChannel3" v="don&amp;apos;t generate code" />
      <event name="OnChannel4" v="don&amp;apos;t generate code" />
      <event name="OnChannel5" v="don&amp;apos;t generate code" />
      <event name="OnChannel6" v="don&amp;apos;t generate code" />
      <event name="OnChannel7" v="don&amp;apos;t generate code" />
    </Events>
  </Bean>
  <Bean name="Red" type="PWM">
    <Enabled v="Y" />
    <Properties>
      <Component_name v="Red" />
      <PWM_or_PPG_device v="FTM0_C6V" />
      <Duty_compare v="" />
      <Output_pin v="PTA1/UART0_RX/FTM0_CH6/JTAG_TDI/EZP_DI" />
      <Counter v="FTM0_CNT" />
      <boolgroup name="Interrupt service/event" v="Disabled" />
      <Period v="3.125 ms" />
      <Starting_pulse_width v="0 &amp;#181;s" />
      <Initial_polarity v="low" />
      <Same_period_in_modes v="no" />
      <Component_uses_entire_timer v="no" />
      <group name="Initialization">
        <Enabled_in_init__code v="yes" />
        <Events_enabled_in_init_ v="yes" />
      </group>
      <group name="CPU clock/speed selection">
        <High_speed_mode v="This component enabled" />
        <Low_speed_mode v="This component disabled" />
        <Slow_speed_mode v="This component disabled" />
      </group>
      <group name="Referenced components">
        <inhrbean type="PWM_LDD">
          <Enabled v="Y" />
          <Properties>
            <Component_name v="PwmLdd1" />
            <Period_device v="FTM0_MOD" />
            <Duty_device v="FTM0_C6V" />
            <Output_pin v="PTA1/UART0_RX/FTM0_CH6/JTAG_TDI/EZP_DI" />
            <Counter v="FTM0_CNT" />
            <boolgroup name="Interrupt service/event" v="Disabled" />
            <Period v="3.125 ms" />
            <Starting_pulse_width v="0 &amp;#181;s" />
            <Initial_polarity v="low" />
            <group name="Initialization">
              <Enabled_in_init__code v="yes" />
              <group name="Event mask">
                <OnEnd v="Disabled" />
              </group>
            </group>
            <group name="Referenced components">
              <Linked_component v="TU2" />
            </group>
          </Properties>
          <Methods>
            <Init v="generate code" />
            <Deinit v="don&amp;apos;t generate code" />
            <Enable v="don&amp;apos;t generate code" />
            <Disable v="don&amp;apos;t generate code" />
            <SetEventMask v="don&amp;apos;t generate code" />
            <GetEventMask v="don&amp;apos;t generate code" />
            <GetEventStatus v="don&amp;apos;t generate code" />
            <SetRatio8 v="don&amp;apos;t generate code" />
            <SetRatio16 v="generate code" />
            <SetDutyUS v="generate code" />
            <SetDutyMS v="generate code" />
            <SetDutySec v="don&amp;apos;t generate code" />
            <SetDutyReal v="don&amp;apos;t generate code" />
            <SetValue v="don&amp;apos;t generate code" />
            <ClearValue v="don&amp;apos;t generate code" />
            <ConnectPin v="don&amp;apos;t generate code" />
            <SetOperationMode v="don&amp;apos;t generate code" />
            <GetDriverState v="don&amp;apos;t generate code" />
          </Methods>
          <Events>
            <Event_module_name v="Events" />
            <event name="OnEnd" v="don&amp;apos;t generate code" />
          </Events>
        </inhrbean>
      </group>
    </Properties>
    <Methods>
      <Enable v="don&amp;apos;t generate code" />
      <Disable v="don&amp;apos;t generate code" />
      <EnableEvent v="don&amp;apos;t generate code" />
      <DisableEvent v="don&amp;apos;t generate code" />
      <SetRatio8 v="don&amp;apos;t generate code" />
      <SetRatio16 v="generate code" />
      <SetDutyTicks16 v="don&amp;apos;t generate code" />
      <SetDutyTicks32 v="don&amp;apos;t generate code" />
      <SetDutyUS v="generate code" />
      <SetDutyMS v="generate code" />
      <SetDutySec v="don&amp;apos;t generate code" />
      <SetDutyReal v="don&amp;apos;t generate code" />
      <SetValue v="don&amp;apos;t generate code" />
      <ClrValue v="don&amp;apos;t generate code" />
    </Methods>
    <Events>
      <Event_module_name v="Events" />
      <event name="BeforeNewSpeed" v="don&amp;apos;t generate code" />
      <event name="AfterNewSpeed" v="don&amp;apos;t generate code" />
      <event name="OnEnd" v="don&amp;apos;t generate code" />
    </Events>
  </Bean>
  <Bean name="Green" type="PWM">
    <Enabled v="Y" />
    <Properties>
      <Component_name v="Green" />
      <PWM_or_PPG_device v="FTM0_C7V" />
      <Duty_compare v="" />
      <Output_pin v="PTA2/UART0_TX/FTM0_CH7/JTAG_TDO/TRACE_SWO/EZP_DO" />
      <Counter v="FTM0_CNT" />
      <boolgroup name="Interrupt service/event" v="Disabled" />
      <Period v="3.125 ms" />
      <Starting_pulse_width v="0 &amp;#181;s" />
      <Initial_polarity v="low" />
      <Same_period_in_modes v="no" />
      <Component_uses_entire_timer v="no" />
      <group name="Initialization">
        <Enabled_in_init__code v="yes" />
        <Events_enabled_in_init_ v="yes" />
      </group>
      <group name="CPU clock/speed selection">
        <High_speed_mode v="This component enabled" />
        <Low_speed_mode v="This component disabled" />
        <Slow_speed_mode v="This component disabled" />
      </group>
      <group name="Referenced components">
        <inhrbean type="PWM_LDD">
          <Enabled v="Y" />
          <Properties>
            <Component_name v="PwmLdd2" />
            <Period_device v="FTM0_MOD" />
            <Duty_device v="FTM0_C7V" />
            <Output_pin v="PTA2/UART0_TX/FTM0_CH7/JTAG_TDO/TRACE_SWO/EZP_DO" />
            <Counter v="FTM0_CNT" />
            <boolgroup name="Interrupt service/event" v="Disabled" />
            <Period v="3.125 ms" />
            <Starting_pulse_width v="0 &amp;#181;s" />
            <Initial_polarity v="low" />
            <group name="Initialization">
              <Enabled_in_init__code v="yes" />
              <group name="Event mask">
                <OnEnd v="Disabled" />
              </group>
            </group>
            <group name="Referenced components">
              <Linked_component v="TU2" />
            </group>
          </Properties>
          <Methods>
            <Init v="generate code" />
            <Deinit v="don&amp;apos;t generate code" />
            <Enable v="don&amp;apos;t generate code" />
            <Disable v="don&amp;apos;t generate code" />
            <SetEventMask v="don&amp;apos;t generate code" />
            <GetEventMask v="don&amp;apos;t generate code" />
            <GetEventStatus v="don&amp;apos;t generate code" />
            <SetRatio8 v="don&amp;apos;t generate code" />
            <SetRatio16 v="generate code" />
            <SetDutyUS v="generate code" />
            <SetDutyMS v="generate code" />
            <SetDutySec v="don&amp;apos;t generate code" />
            <SetDutyReal v="don&amp;apos;t generate code" />
            <SetValue v="don&amp;apos;t generate code" />
            <ClearValue v="don&amp;apos;t generate code" />
            <ConnectPin v="don&amp;apos;t generate code" />
            <SetOperationMode v="don&amp;apos;t generate code" />
            <GetDriverState v="don&amp;apos;t generate code" />
          </Methods>
          <Events>
            <Event_module_name v="Events" />
            <event name="OnEnd" v="don&amp;apos;t generate code" />
          </Events>
        </inhrbean>
      </group>
    </Properties>
    <Methods>
      <Enable v="don&amp;apos;t generate code" />
      <Disable v="don&amp;apos;t generate code" />
      <EnableEvent v="don&amp;apos;t generate code" />
      <DisableEvent v="don&amp;apos;t generate code" />
      <SetRatio8 v="don&amp;apos;t generate code" />
      <SetRatio16 v="generate code" />
      <SetDutyTicks16 v="don&amp;apos;t generate code" />
      <SetDutyTicks32 v="don&amp;apos;t generate code" />
      <SetDutyUS v="generate code" />
      <SetDutyMS v="generate code" />
      <SetDutySec v="don&amp;apos;t generate code" />
      <SetDutyReal v="don&amp;apos;t generate code" />
      <SetValue v="don&amp;apos;t generate code" />
      <ClrValue v="don&amp;apos;t generate code" />
    </Methods>
    <Events>
      <Event_module_name v="Events" />
      <event name="BeforeNewSpeed" v="don&amp;apos;t generate code" />
      <event name="AfterNewSpeed" v="don&amp;apos;t generate code" />
      <event name="OnEnd" v="don&amp;apos;t generate code" />
    </Events>
  </Bean>
  <Bean name="FC321" type="FreeCntr32">
    <Enabled v="Y" />
    <Properties>
      <Component_name v="FC321" />
      <Periodic_interrupt_source v="FTM1_MOD" />
      <Counter v="FTM1_CNT" />
      <boolgroup name="Interrupt service/event" v="Enabled">
        <Interrupt v="INT_FTM1" />
        <Interrupt_priority v="medium priority" />
      </boolgroup>
      <Resolution v="3.125 ms" />
      <Same_resolution_in_modes v="yes" />
      <Component_uses_entire_timer v="no" />
      <group name="Initialization">
        <Enabled_in_init__code v="yes" />
      </group>
      <group name="CPU clock/speed selection">
        <High_speed_mode v="This component enabled" />
        <Low_speed_mode v="This component disabled" />
        <Slow_speed_mode v="This component disabled" />
      </group>
      <group name="Referenced components">
        <inhrbean type="RealTime_LDD">
          <Enabled v="Y" />
          <Properties>
            <Component_name v="RealTimeLdd1" />
            <Periodic_interrupt_source v="FTM1_MOD" />
            <Counter v="FTM1_CNT" />
            <boolgroup name="Interrupt service/event" v="Enabled">
              <Interrupt v="INT_FTM1" />
              <Interrupt_priority v="medium priority" />
            </boolgroup>
            <Resolution v="3.125 ms" />
            <SW_counter v="32-bit" />
            <Maximum_time_of_event v="13421772.8 sec" />
            <group name="Initialization">
              <Enabled_in_init__code v="yes" />
            </group>
            <group name="Referenced components">
              <Linked_TimerUnit v="TU1" />
            </group>
          </Properties>
          <Methods>
            <Init v="generate code" />
            <Deinit v="don&amp;apos;t generate code" />
            <Enable v="don&amp;apos;t generate code" />
            <Disable v="don&amp;apos;t generate code" />
            <Reset v="generate code" />
            <GetTimeUS v="generate code" />
            <GetTimeMS v="generate code" />
            <GetTimeSec v="don&amp;apos;t generate code" />
            <GetTimeReal v="don&amp;apos;t generate code" />
            <SetOperationMode v="don&amp;apos;t generate code" />
            <GetDriverState v="don&amp;apos;t generate code" />
          </Methods>
          <Events>
            <EmptySection_DummyValue />
          </Events>
        </inhrbean>
      </group>
    </Properties>
    <Methods>
      <Enable v="don&amp;apos;t generate code" />
      <Disable v="don&amp;apos;t generate code" />
      <Reset v="generate code" />
      <GetTicks16 v="don&amp;apos;t generate code" />
      <GetTicks32 v="don&amp;apos;t generate code" />
      <GetTicks64 v="don&amp;apos;t generate code" />
      <GetTimeUS v="generate code" />
      <GetTimeMS v="generate code" />
      <GetTimeSec v="don&amp;apos;t generate code" />
      <GetTimeReal v="don&amp;apos;t generate code" />
    </Methods>
    <Events>
      <Event_module_name v="Events" />
      <event name="BeforeNewSpeed" v="don&amp;apos;t generate code" />
      <event name="AfterNewSpeed" v="don&amp;apos;t generate code" />
    </Events>
  </Bean>
  <Bean name="TU1" type="TimerUnit_LDD">
    <Enabled v="Y" />
    <Properties>
      <Component_name v="TU1" />
      <Module_name v="FTM1" />
      <Counter v="FTM1_CNT" />
      <Counter_direction v="Up" />
      <Counter_width v="16 bits" />
      <Value_type v="uint16_t" />
      <enumgroup name="Input clock source" v="Internal">
        <Counter_frequency v="Auto select" />
      </enumgroup>
      <enumgroup name="Counter restart" v="On-match">
        <Period_device v="FTM1_MOD" />
        <Period v="3.125 ms" />
        <boolgroup name="Interrupt" v="Enabled">
          <Interrupt v="INT_FTM1" />
          <Interrupt_priority v="medium priority" />
        </boolgroup>
      </enumgroup>
      <list name="Channel list" v="0">
        <EmptySection_DummyValue />
      </list>
      <group name="Initialization">
        <Enabled_in_init__code v="yes" />
        <group name="Event mask">
          <OnCounterRestart v="Enabled" />
          <OnChannel0 v="Disabled" />
          <OnChannel1 v="Disabled" />
          <OnChannel2 v="Disabled" />
          <OnChannel3 v="Disabled" />
          <OnChannel4 v="Disabled" />
          <OnChannel5 v="Disabled" />
          <OnChannel6 v="Disabled" />
          <OnChannel7 v="Disabled" />
        </group>
      </group>
    </Properties>
    <Methods>
      <Init v="generate code" />
      <Deinit v="don&amp;apos;t generate code" />
      <Enable v="don&amp;apos;t generate code" />
      <Disable v="don&amp;apos;t generate code" />
      <SetEventMask v="don&amp;apos;t generate code" />
      <GetEventMask v="don&amp;apos;t generate code" />
      <GetEventStatus v="don&amp;apos;t generate code" />
      <SelectInputFrequency v="don&amp;apos;t generate code" />
      <GetInputFrequencyReal v="don&amp;apos;t generate code" />
      <GetInputFrequency v="don&amp;apos;t generate code" />
      <SetPeriodTicks v="don&amp;apos;t generate code" />
      <GetPeriodTicks v="don&amp;apos;t generate code" />
      <ResetCounter v="generate code" />
      <GetCounterValue v="don&amp;apos;t generate code" />
      <SetOffsetTicks v="don&amp;apos;t generate code" />
      <GetOffsetTicks v="don&amp;apos;t generate code" />
      <GetCaptureValue v="don&amp;apos;t generate code" />
      <SelectOutputAction v="don&amp;apos;t generate code" />
      <SelectCaptureEdge v="don&amp;apos;t generate code" />
      <ConnectPin v="don&amp;apos;t generate code" />
      <SetOperationMode v="don&amp;apos;t generate code" />
      <GetDriverState v="don&amp;apos;t generate code" />
    </Methods>
    <Events>
      <Event_module_name v="Events" />
      <event name="OnCounterRestart" v="generate code">
        <Event_procedure_name v="TU1_OnCounterRestart" />
      </event>
      <event name="OnChannel0" v="don&amp;apos;t generate code" />
      <event name="OnChannel1" v="don&amp;apos;t generate code" />
      <event name="OnChannel2" v="don&amp;apos;t generate code" />
      <event name="OnChannel3" v="don&amp;apos;t generate code" />
      <event name="OnChannel4" v="don&amp;apos;t generate code" />
      <event name="OnChannel5" v="don&amp;apos;t generate code" />
      <event name="OnChannel6" v="don&amp;apos;t generate code" />
      <event name="OnChannel7" v="don&amp;apos;t generate code" />
    </Events>
  </Bean>
  <Bean name="Blue" type="PWM">
    <Enabled v="Y" />
    <Properties>
      <Component_name v="Blue" />
      <PWM_or_PPG_device v="FTM0_C5V" />
      <Duty_compare v="" />
      <Output_pin v="ADC0_SE6b/PTD5/SPI0_PCS2/UART0_CTS_b/FTM0_CH5/FBa_AD1/EWM_OUT_b/SPI1_SCK" />
      <Counter v="FTM0_CNT" />
      <boolgroup name="Interrupt service/event" v="Disabled" />
      <Period v="3.125 ms" />
      <Starting_pulse_width v="0 &amp;#181;s" />
      <Initial_polarity v="low" />
      <Same_period_in_modes v="no" />
      <Component_uses_entire_timer v="no" />
      <group name="Initialization">
        <Enabled_in_init__code v="yes" />
        <Events_enabled_in_init_ v="yes" />
      </group>
      <group name="CPU clock/speed selection">
        <High_speed_mode v="This component enabled" />
        <Low_speed_mode v="This component disabled" />
        <Slow_speed_mode v="This component disabled" />
      </group>
      <group name="Referenced components">
        <inhrbean type="PWM_LDD">
          <Enabled v="Y" />
          <Properties>
            <Component_name v="PwmLdd3" />
            <Period_device v="FTM0_MOD" />
            <Duty_device v="FTM0_C5V" />
            <Output_pin v="ADC0_SE6b/PTD5/SPI0_PCS2/UART0_CTS_b/FTM0_CH5/FBa_AD1/EWM_OUT_b/SPI1_SCK" />
            <Counter v="FTM0_CNT" />
            <boolgroup name="Interrupt service/event" v="Disabled" />
            <Period v="3.125 ms" />
            <Starting_pulse_width v="0 &amp;#181;s" />
            <Initial_polarity v="low" />
            <group name="Initialization">
              <Enabled_in_init__code v="yes" />
              <group name="Event mask">
                <OnEnd v="Disabled" />
              </group>
            </group>
            <group name="Referenced components">
              <Linked_component v="TU2" />
            </group>
          </Properties>
          <Methods>
            <Init v="generate code" />
            <Deinit v="don&amp;apos;t generate code" />
            <Enable v="don&amp;apos;t generate code" />
            <Disable v="don&amp;apos;t generate code" />
            <SetEventMask v="don&amp;apos;t generate code" />
            <GetEventMask v="don&amp;apos;t generate code" />
            <GetEventStatus v="don&amp;apos;t generate code" />
            <SetRatio8 v="generate code" />
            <SetRatio16 v="generate code" />
            <SetDutyUS v="generate code" />
            <SetDutyMS v="generate code" />
            <SetDutySec v="don&amp;apos;t generate code" />
            <SetDutyReal v="don&amp;apos;t generate code" />
            <SetValue v="don&amp;apos;t generate code" />
            <ClearValue v="don&amp;apos;t generate code" />
            <ConnectPin v="don&amp;apos;t generate code" />
            <SetOperationMode v="don&amp;apos;t generate code" />
            <GetDriverState v="don&amp;apos;t generate code" />
          </Methods>
          <Events>
            <Event_module_name v="Events" />
            <event name="OnEnd" v="don&amp;apos;t generate code" />
          </Events>
        </inhrbean>
      </group>
    </Properties>
    <Methods>
      <Enable v="don&amp;apos;t generate code" />
      <Disable v="don&amp;apos;t generate code" />
      <EnableEvent v="don&amp;apos;t generate code" />
      <DisableEvent v="don&amp;apos;t generate code" />
      <SetRatio8 v="generate code" />
      <SetRatio16 v="generate code" />
      <SetDutyTicks16 v="don&amp;apos;t generate code" />
      <SetDutyTicks32 v="don&amp;apos;t generate code" />
      <SetDutyUS v="generate code" />
      <SetDutyMS v="generate code" />
      <SetDutySec v="don&amp;apos;t generate code" />
      <SetDutyReal v="don&amp;apos;t generate code" />
      <SetValue v="don&amp;apos;t generate code" />
      <ClrValue v="don&amp;apos;t generate code" />
    </Methods>
    <Events>
      <Event_module_name v="Events" />
      <event name="BeforeNewSpeed" v="don&amp;apos;t generate code" />
      <event name="AfterNewSpeed" v="don&amp;apos;t generate code" />
      <event name="OnEnd" v="don&amp;apos;t generate code" />
    </Events>
  </Bean>
</PE_PROJECT_SETTINGS_DOCUMENTATION>

